INSTANCE;SEMILLA;Z;TIME
A173-P130-R5-B8-L5-T14-C0.1;8355;134;5
A173-P130-R5-B8-L5-T14-C0.1;3717;134;6
A173-P130-R5-B8-L5-T14-C0.1;5877;134;5
A173-P130-R5-B8-L5-T14-C0.1;2829;134;5
A173-P130-R5-B8-L5-T14-C0.1;2339;134;5
A173-P130-R5-B8-L5-T14-C0.1;9845;134;8
A173-P130-R5-B8-L5-T14-C0.1;233;134;5
A173-P130-R5-B8-L5-T14-C0.1;4263;134;5
A173-P130-R5-B8-L5-T14-C0.1;2618;134;4
A173-P130-R5-B8-L5-T14-C0.1;9965;134;6
A173-P130-R5-B8-L5-T14-C0.1;1624;134;7
A173-P130-R5-B8-L5-T14-C0.1;5707;134;5
A173-P130-R5-B8-L5-T14-C0.1;2842;134;5
A173-P130-R5-B8-L5-T14-C0.1;130;134;5
A173-P130-R5-B8-L5-T14-C0.1;252;134;6
A173-P130-R5-B8-L5-T14-C0.1;9914;134;4
A173-P130-R5-B8-L5-T14-C0.1;8323;134;4
A173-P130-R5-B8-L5-T14-C0.1;9375;134;4
A173-P130-R5-B8-L5-T14-C0.1;4363;134;9
A173-P130-R5-B8-L5-T14-C0.1;2499;134;13
A173-P130-R5-B8-L5-T14-C0.1;2877;134;7
A173-P130-R5-B8-L5-T14-C0.1;5989;134;6
A173-P130-R5-B8-L5-T14-C0.1;1850;134;5
A173-P130-R5-B8-L5-T14-C0.1;5917;134;5
A173-P130-R5-B8-L5-T14-C0.1;7847;134;5
A173-P130-R5-B8-L5-T14-C0.2;8355;21;7
A173-P130-R5-B8-L5-T14-C0.2;3717;21;5
A173-P130-R5-B8-L5-T14-C0.2;5877;21;6
A173-P130-R5-B8-L5-T14-C0.2;2829;21;4
A173-P130-R5-B8-L5-T14-C0.2;2339;21;4
A173-P130-R5-B8-L5-T14-C0.2;9845;21;6
A173-P130-R5-B8-L5-T14-C0.2;233;21;5
A173-P130-R5-B8-L5-T14-C0.2;4263;21;4
A173-P130-R5-B8-L5-T14-C0.2;2618;21;6
A173-P130-R5-B8-L5-T14-C0.2;9965;21;5
A173-P130-R5-B8-L5-T14-C0.2;1624;21;4
A173-P130-R5-B8-L5-T14-C0.2;5707;21;4
A173-P130-R5-B8-L5-T14-C0.2;2842;21;4
A173-P130-R5-B8-L5-T14-C0.2;130;21;5
A173-P130-R5-B8-L5-T14-C0.2;252;21;6
A173-P130-R5-B8-L5-T14-C0.2;9914;21;5
A173-P130-R5-B8-L5-T14-C0.2;8323;21;5
A173-P130-R5-B8-L5-T14-C0.2;9375;21;6
A173-P130-R5-B8-L5-T14-C0.2;4363;21;7
A173-P130-R5-B8-L5-T14-C0.2;2499;21;5
A173-P130-R5-B8-L5-T14-C0.2;2877;21;5
A173-P130-R5-B8-L5-T14-C0.2;5989;21;6
A173-P130-R5-B8-L5-T14-C0.2;1850;21;5
A173-P130-R5-B8-L5-T14-C0.2;5917;21;6
A173-P130-R5-B8-L5-T14-C0.2;7847;21;6
A173-P130-R5-B8-L5-T14-C0.3;8355;36;5
A173-P130-R5-B8-L5-T14-C0.3;3717;36;6
A173-P130-R5-B8-L5-T14-C0.3;5877;36;4
A173-P130-R5-B8-L5-T14-C0.3;2829;36;6
A173-P130-R5-B8-L5-T14-C0.3;2339;36;5
A173-P130-R5-B8-L5-T14-C0.3;9845;36;5
A173-P130-R5-B8-L5-T14-C0.3;233;36;6
A173-P130-R5-B8-L5-T14-C0.3;4263;36;7
A173-P130-R5-B8-L5-T14-C0.3;2618;36;6
A173-P130-R5-B8-L5-T14-C0.3;9965;36;6
A173-P130-R5-B8-L5-T14-C0.3;1624;36;6
A173-P130-R5-B8-L5-T14-C0.3;5707;36;5
A173-P130-R5-B8-L5-T14-C0.3;2842;36;5
A173-P130-R5-B8-L5-T14-C0.3;130;36;6
A173-P130-R5-B8-L5-T14-C0.3;252;36;5
A173-P130-R5-B8-L5-T14-C0.3;9914;36;4
A173-P130-R5-B8-L5-T14-C0.3;8323;36;5
A173-P130-R5-B8-L5-T14-C0.3;9375;36;5
A173-P130-R5-B8-L5-T14-C0.3;4363;36;4
A173-P130-R5-B8-L5-T14-C0.3;2499;36;4
A173-P130-R5-B8-L5-T14-C0.3;2877;36;6
A173-P130-R5-B8-L5-T14-C0.3;5989;36;7
A173-P130-R5-B8-L5-T14-C0.3;1850;36;7
A173-P130-R5-B8-L5-T14-C0.3;5917;36;5
A173-P130-R5-B8-L5-T14-C0.3;7847;36;4
A173-P130-R6-B7-L5-T14-C0.1;8355;5;6
A173-P130-R6-B7-L5-T14-C0.1;3717;5;6
A173-P130-R6-B7-L5-T14-C0.1;5877;5;6
A173-P130-R6-B7-L5-T14-C0.1;2829;5;7
A173-P130-R6-B7-L5-T14-C0.1;2339;5;7
A173-P130-R6-B7-L5-T14-C0.1;9845;5;8
A173-P130-R6-B7-L5-T14-C0.1;233;5;6
A173-P130-R6-B7-L5-T14-C0.1;4263;5;8
A173-P130-R6-B7-L5-T14-C0.1;2618;5;7
A173-P130-R6-B7-L5-T14-C0.1;9965;5;8
A173-P130-R6-B7-L5-T14-C0.1;1624;5;7
A173-P130-R6-B7-L5-T14-C0.1;5707;5;6
A173-P130-R6-B7-L5-T14-C0.1;2842;5;6
A173-P130-R6-B7-L5-T14-C0.1;130;5;6
A173-P130-R6-B7-L5-T14-C0.1;252;5;7
A173-P130-R6-B7-L5-T14-C0.1;9914;5;6
A173-P130-R6-B7-L5-T14-C0.1;8323;5;6
A173-P130-R6-B7-L5-T14-C0.1;9375;5;6
A173-P130-R6-B7-L5-T14-C0.1;4363;5;8
A173-P130-R6-B7-L5-T14-C0.1;2499;5;7
A173-P130-R6-B7-L5-T14-C0.1;2877;5;8
A173-P130-R6-B7-L5-T14-C0.1;5989;5;16
A173-P130-R6-B7-L5-T14-C0.1;1850;5;8
A173-P130-R6-B7-L5-T14-C0.1;5917;5;8
A173-P130-R6-B7-L5-T14-C0.1;7847;5;6
A173-P130-R6-B7-L5-T14-C0.2;8355;15;8
A173-P130-R6-B7-L5-T14-C0.2;3717;15;6
A173-P130-R6-B7-L5-T14-C0.2;5877;15;6
A173-P130-R6-B7-L5-T14-C0.2;2829;15;6
A173-P130-R6-B7-L5-T14-C0.2;2339;15;8
A173-P130-R6-B7-L5-T14-C0.2;9845;15;7
A173-P130-R6-B7-L5-T14-C0.2;233;15;6
A173-P130-R6-B7-L5-T14-C0.2;4263;15;6
A173-P130-R6-B7-L5-T14-C0.2;2618;15;6
A173-P130-R6-B7-L5-T14-C0.2;9965;15;9
A173-P130-R6-B7-L5-T14-C0.2;1624;15;6
A173-P130-R6-B7-L5-T14-C0.2;5707;15;8
A173-P130-R6-B7-L5-T14-C0.2;2842;15;8
A173-P130-R6-B7-L5-T14-C0.2;130;15;6
A173-P130-R6-B7-L5-T14-C0.2;252;15;7
A173-P130-R6-B7-L5-T14-C0.2;9914;15;8
A173-P130-R6-B7-L5-T14-C0.2;8323;15;10
A173-P130-R6-B7-L5-T14-C0.2;9375;15;6
A173-P130-R6-B7-L5-T14-C0.2;4363;15;8
A173-P130-R6-B7-L5-T14-C0.2;2499;15;9
A173-P130-R6-B7-L5-T14-C0.2;2877;15;7
A173-P130-R6-B7-L5-T14-C0.2;5989;15;7
A173-P130-R6-B7-L5-T14-C0.2;1850;15;6
A173-P130-R6-B7-L5-T14-C0.2;5917;15;6
A173-P130-R6-B7-L5-T14-C0.2;7847;15;7
A173-P130-R6-B7-L5-T14-C0.3;8355;5039;7
A173-P130-R6-B7-L5-T14-C0.3;3717;5039;6
A173-P130-R6-B7-L5-T14-C0.3;5877;5039;8
A173-P130-R6-B7-L5-T14-C0.3;2829;5039;7
A173-P130-R6-B7-L5-T14-C0.3;2339;5039;6
A173-P130-R6-B7-L5-T14-C0.3;9845;5039;7
A173-P130-R6-B7-L5-T14-C0.3;233;5039;6
A173-P130-R6-B7-L5-T14-C0.3;4263;5039;6
A173-P130-R6-B7-L5-T14-C0.3;2618;5039;6
A173-P130-R6-B7-L5-T14-C0.3;9965;5039;6
A173-P130-R6-B7-L5-T14-C0.3;1624;5039;6
A173-P130-R6-B7-L5-T14-C0.3;5707;5039;8
A173-P130-R6-B7-L5-T14-C0.3;2842;5039;8
A173-P130-R6-B7-L5-T14-C0.3;130;5039;8
A173-P130-R6-B7-L5-T14-C0.3;252;5039;6
A173-P130-R6-B7-L5-T14-C0.3;9914;5039;6
A173-P130-R6-B7-L5-T14-C0.3;8323;5039;6
A173-P130-R6-B7-L5-T14-C0.3;9375;5039;6
A173-P130-R6-B7-L5-T14-C0.3;4363;5039;7
A173-P130-R6-B7-L5-T14-C0.3;2499;5039;7
A173-P130-R6-B7-L5-T14-C0.3;2877;5039;6
A173-P130-R6-B7-L5-T14-C0.3;5989;5039;6
A173-P130-R6-B7-L5-T14-C0.3;1850;5039;6
A173-P130-R6-B7-L5-T14-C0.3;5917;5039;7
A173-P130-R6-B7-L5-T14-C0.3;7847;5039;6
A173-P130-R6-B9-L4-T14-C0.1;8355;175;5
A173-P130-R6-B9-L4-T14-C0.1;3717;175;5
A173-P130-R6-B9-L4-T14-C0.1;5877;175;5
A173-P130-R6-B9-L4-T14-C0.1;2829;175;5
A173-P130-R6-B9-L4-T14-C0.1;2339;175;7
A173-P130-R6-B9-L4-T14-C0.1;9845;175;5
A173-P130-R6-B9-L4-T14-C0.1;233;175;5
A173-P130-R6-B9-L4-T14-C0.1;4263;175;6
A173-P130-R6-B9-L4-T14-C0.1;2618;175;5
A173-P130-R6-B9-L4-T14-C0.1;9965;175;8
A173-P130-R6-B9-L4-T14-C0.1;1624;175;5
A173-P130-R6-B9-L4-T14-C0.1;5707;175;7
A173-P130-R6-B9-L4-T14-C0.1;2842;175;5
A173-P130-R6-B9-L4-T14-C0.1;130;175;5
A173-P130-R6-B9-L4-T14-C0.1;252;175;7
A173-P130-R6-B9-L4-T14-C0.1;9914;175;7
A173-P130-R6-B9-L4-T14-C0.1;8323;175;5
A173-P130-R6-B9-L4-T14-C0.1;9375;175;5
A173-P130-R6-B9-L4-T14-C0.1;4363;175;5
A173-P130-R6-B9-L4-T14-C0.1;2499;175;7
A173-P130-R6-B9-L4-T14-C0.1;2877;175;5
A173-P130-R6-B9-L4-T14-C0.1;5989;175;5
A173-P130-R6-B9-L4-T14-C0.1;1850;175;7
A173-P130-R6-B9-L4-T14-C0.1;5917;175;6
A173-P130-R6-B9-L4-T14-C0.1;7847;175;7
A173-P130-R6-B9-L4-T14-C0.2;8355;33;8
A173-P130-R6-B9-L4-T14-C0.2;3717;33;5
A173-P130-R6-B9-L4-T14-C0.2;5877;33;5
A173-P130-R6-B9-L4-T14-C0.2;2829;33;5
A173-P130-R6-B9-L4-T14-C0.2;2339;33;5
A173-P130-R6-B9-L4-T14-C0.2;9845;33;5
A173-P130-R6-B9-L4-T14-C0.2;233;33;5
A173-P130-R6-B9-L4-T14-C0.2;4263;33;7
A173-P130-R6-B9-L4-T14-C0.2;2618;33;5
A173-P130-R6-B9-L4-T14-C0.2;9965;33;5
A173-P130-R6-B9-L4-T14-C0.2;1624;33;7
A173-P130-R6-B9-L4-T14-C0.2;5707;33;5
A173-P130-R6-B9-L4-T14-C0.2;2842;34;6
A173-P130-R6-B9-L4-T14-C0.2;130;33;5
A173-P130-R6-B9-L4-T14-C0.2;252;33;5
A173-P130-R6-B9-L4-T14-C0.2;9914;33;7
A173-P130-R6-B9-L4-T14-C0.2;8323;34;5
A173-P130-R6-B9-L4-T14-C0.2;9375;33;7
A173-P130-R6-B9-L4-T14-C0.2;4363;33;5
A173-P130-R6-B9-L4-T14-C0.2;2499;34;5
A173-P130-R6-B9-L4-T14-C0.2;2877;33;7
A173-P130-R6-B9-L4-T14-C0.2;5989;33;7
A173-P130-R6-B9-L4-T14-C0.2;1850;33;7
A173-P130-R6-B9-L4-T14-C0.2;5917;33;6
A173-P130-R6-B9-L4-T14-C0.2;7847;33;5
A173-P130-R6-B9-L4-T14-C0.3;8355;61;6
A173-P130-R6-B9-L4-T14-C0.3;3717;61;5
A173-P130-R6-B9-L4-T14-C0.3;5877;61;5
A173-P130-R6-B9-L4-T14-C0.3;2829;61;6
A173-P130-R6-B9-L4-T14-C0.3;2339;61;6
A173-P130-R6-B9-L4-T14-C0.3;9845;61;5
A173-P130-R6-B9-L4-T14-C0.3;233;61;5
A173-P130-R6-B9-L4-T14-C0.3;4263;61;5
A173-P130-R6-B9-L4-T14-C0.3;2618;61;5
A173-P130-R6-B9-L4-T14-C0.3;9965;61;5
A173-P130-R6-B9-L4-T14-C0.3;1624;61;5
A173-P130-R6-B9-L4-T14-C0.3;5707;61;6
A173-P130-R6-B9-L4-T14-C0.3;2842;61;6
A173-P130-R6-B9-L4-T14-C0.3;130;61;7
A173-P130-R6-B9-L4-T14-C0.3;252;61;5
A173-P130-R6-B9-L4-T14-C0.3;9914;61;5
A173-P130-R6-B9-L4-T14-C0.3;8323;61;7
A173-P130-R6-B9-L4-T14-C0.3;9375;61;5
A173-P130-R6-B9-L4-T14-C0.3;4363;61;5
A173-P130-R6-B9-L4-T14-C0.3;2499;61;5
A173-P130-R6-B9-L4-T14-C0.3;2877;61;7
A173-P130-R6-B9-L4-T14-C0.3;5989;62;7
A173-P130-R6-B9-L4-T14-C0.3;1850;62;5
A173-P130-R6-B9-L4-T14-C0.3;5917;61;7
A173-P130-R6-B9-L4-T14-C0.3;7847;61;5
A173-P130-R7-B6-L5-T14-C0.1;8355;24;8
A173-P130-R7-B6-L5-T14-C0.1;3717;24;7
A173-P130-R7-B6-L5-T14-C0.1;5877;24;8
A173-P130-R7-B6-L5-T14-C0.1;2829;24;8
A173-P130-R7-B6-L5-T14-C0.1;2339;24;9
A173-P130-R7-B6-L5-T14-C0.1;9845;24;10
A173-P130-R7-B6-L5-T14-C0.1;233;24;8
A173-P130-R7-B6-L5-T14-C0.1;4263;24;11
A173-P130-R7-B6-L5-T14-C0.1;2618;24;8
A173-P130-R7-B6-L5-T14-C0.1;9965;24;7
A173-P130-R7-B6-L5-T14-C0.1;1624;24;9
A173-P130-R7-B6-L5-T14-C0.1;5707;24;9
A173-P130-R7-B6-L5-T14-C0.1;2842;24;8
A173-P130-R7-B6-L5-T14-C0.1;130;24;9
A173-P130-R7-B6-L5-T14-C0.1;252;24;8
A173-P130-R7-B6-L5-T14-C0.1;9914;24;8
A173-P130-R7-B6-L5-T14-C0.1;8323;24;10
A173-P130-R7-B6-L5-T14-C0.1;9375;24;9
A173-P130-R7-B6-L5-T14-C0.1;4363;24;7
A173-P130-R7-B6-L5-T14-C0.1;2499;24;9
A173-P130-R7-B6-L5-T14-C0.1;2877;24;8
A173-P130-R7-B6-L5-T14-C0.1;5989;24;8
A173-P130-R7-B6-L5-T14-C0.1;1850;24;9
A173-P130-R7-B6-L5-T14-C0.1;5917;24;8
A173-P130-R7-B6-L5-T14-C0.1;7847;24;9
A173-P130-R7-B6-L5-T14-C0.2;8355;31;8
A173-P130-R7-B6-L5-T14-C0.2;3717;31;7
A173-P130-R7-B6-L5-T14-C0.2;5877;31;7
A173-P130-R7-B6-L5-T14-C0.2;2829;31;10
A173-P130-R7-B6-L5-T14-C0.2;2339;30;8
A173-P130-R7-B6-L5-T14-C0.2;9845;30;9
A173-P130-R7-B6-L5-T14-C0.2;233;30;9
A173-P130-R7-B6-L5-T14-C0.2;4263;30;9
A173-P130-R7-B6-L5-T14-C0.2;2618;30;9
A173-P130-R7-B6-L5-T14-C0.2;9965;30;10
A173-P130-R7-B6-L5-T14-C0.2;1624;30;8
A173-P130-R7-B6-L5-T14-C0.2;5707;31;7
A173-P130-R7-B6-L5-T14-C0.2;2842;30;10
A173-P130-R7-B6-L5-T14-C0.2;130;31;10
A173-P130-R7-B6-L5-T14-C0.2;252;31;9
A173-P130-R7-B6-L5-T14-C0.2;9914;31;8
A173-P130-R7-B6-L5-T14-C0.2;8323;31;9
A173-P130-R7-B6-L5-T14-C0.2;9375;31;9
A173-P130-R7-B6-L5-T14-C0.2;4363;31;8
A173-P130-R7-B6-L5-T14-C0.2;2499;30;8
A173-P130-R7-B6-L5-T14-C0.2;2877;30;8
A173-P130-R7-B6-L5-T14-C0.2;5989;31;7
A173-P130-R7-B6-L5-T14-C0.2;1850;31;7
A173-P130-R7-B6-L5-T14-C0.2;5917;30;9
A173-P130-R7-B6-L5-T14-C0.2;7847;31;9
A173-P130-R7-B6-L5-T14-C0.3;8355;5013;9
A173-P130-R7-B6-L5-T14-C0.3;3717;5013;9
A173-P130-R7-B6-L5-T14-C0.3;5877;5014;8
A173-P130-R7-B6-L5-T14-C0.3;2829;5014;8
A173-P130-R7-B6-L5-T14-C0.3;2339;5013;7
A173-P130-R7-B6-L5-T14-C0.3;9845;5014;7
A173-P130-R7-B6-L5-T14-C0.3;233;10013;9
A173-P130-R7-B6-L5-T14-C0.3;4263;5013;8
A173-P130-R7-B6-L5-T14-C0.3;2618;5012;8
A173-P130-R7-B6-L5-T14-C0.3;9965;5012;8
A173-P130-R7-B6-L5-T14-C0.3;1624;5013;8
A173-P130-R7-B6-L5-T14-C0.3;5707;5013;9
A173-P130-R7-B6-L5-T14-C0.3;2842;5013;8
A173-P130-R7-B6-L5-T14-C0.3;130;5013;10
A173-P130-R7-B6-L5-T14-C0.3;252;5013;9
A173-P130-R7-B6-L5-T14-C0.3;9914;5014;9
A173-P130-R7-B6-L5-T14-C0.3;8323;5013;8
A173-P130-R7-B6-L5-T14-C0.3;9375;5013;8
A173-P130-R7-B6-L5-T14-C0.3;4363;5013;8
A173-P130-R7-B6-L5-T14-C0.3;2499;5013;11
A173-P130-R7-B6-L5-T14-C0.3;2877;5013;8
A173-P130-R7-B6-L5-T14-C0.3;5989;5014;9
A173-P130-R7-B6-L5-T14-C0.3;1850;5013;8
A173-P130-R7-B6-L5-T14-C0.3;5917;5014;9
A173-P130-R7-B6-L5-T14-C0.3;7847;5014;8
A173-P130-R9-B6-L4-T14-C0.1;8355;65;12
A173-P130-R9-B6-L4-T14-C0.1;3717;65;12
A173-P130-R9-B6-L4-T14-C0.1;5877;65;11
A173-P130-R9-B6-L4-T14-C0.1;2829;65;15
A173-P130-R9-B6-L4-T14-C0.1;2339;65;12
A173-P130-R9-B6-L4-T14-C0.1;9845;65;11
A173-P130-R9-B6-L4-T14-C0.1;233;65;11
A173-P130-R9-B6-L4-T14-C0.1;4263;65;11
A173-P130-R9-B6-L4-T14-C0.1;2618;65;11
A173-P130-R9-B6-L4-T14-C0.1;9965;65;12
A173-P130-R9-B6-L4-T14-C0.1;1624;65;11
A173-P130-R9-B6-L4-T14-C0.1;5707;65;13
A173-P130-R9-B6-L4-T14-C0.1;2842;65;12
A173-P130-R9-B6-L4-T14-C0.1;130;65;13
A173-P130-R9-B6-L4-T14-C0.1;252;65;12
A173-P130-R9-B6-L4-T14-C0.1;9914;65;12
A173-P130-R9-B6-L4-T14-C0.1;8323;65;11
A173-P130-R9-B6-L4-T14-C0.1;9375;65;12
A173-P130-R9-B6-L4-T14-C0.1;4363;65;14
A173-P130-R9-B6-L4-T14-C0.1;2499;65;12
A173-P130-R9-B6-L4-T14-C0.1;2877;65;11
A173-P130-R9-B6-L4-T14-C0.1;5989;65;13
A173-P130-R9-B6-L4-T14-C0.1;1850;65;12
A173-P130-R9-B6-L4-T14-C0.1;5917;65;12
A173-P130-R9-B6-L4-T14-C0.1;7847;65;13
A173-P130-R9-B6-L4-T14-C0.2;8355;8024;13
A173-P130-R9-B6-L4-T14-C0.2;3717;8024;13
A173-P130-R9-B6-L4-T14-C0.2;5877;8024;13
A173-P130-R9-B6-L4-T14-C0.2;2829;8024;12
A173-P130-R9-B6-L4-T14-C0.2;2339;8024;11
A173-P130-R9-B6-L4-T14-C0.2;9845;8024;12
A173-P130-R9-B6-L4-T14-C0.2;233;8024;12
A173-P130-R9-B6-L4-T14-C0.2;4263;8024;11
A173-P130-R9-B6-L4-T14-C0.2;2618;8024;11
A173-P130-R9-B6-L4-T14-C0.2;9965;8024;12
A173-P130-R9-B6-L4-T14-C0.2;1624;8024;11
A173-P130-R9-B6-L4-T14-C0.2;5707;8025;14
A173-P130-R9-B6-L4-T14-C0.2;2842;8024;11
A173-P130-R9-B6-L4-T14-C0.2;130;8024;12
A173-P130-R9-B6-L4-T14-C0.2;252;8024;11
A173-P130-R9-B6-L4-T14-C0.2;9914;8024;11
A173-P130-R9-B6-L4-T14-C0.2;8323;8024;12
A173-P130-R9-B6-L4-T14-C0.2;9375;8024;10
A173-P130-R9-B6-L4-T14-C0.2;4363;8024;12
A173-P130-R9-B6-L4-T14-C0.2;2499;8024;12
A173-P130-R9-B6-L4-T14-C0.2;2877;8024;12
A173-P130-R9-B6-L4-T14-C0.2;5989;8024;12
A173-P130-R9-B6-L4-T14-C0.2;1850;8024;12
A173-P130-R9-B6-L4-T14-C0.2;5917;8024;12
A173-P130-R9-B6-L4-T14-C0.2;7847;8024;12
A173-P130-R9-B6-L4-T14-C0.3;8355;10;11
A173-P130-R9-B6-L4-T14-C0.3;3717;4010;11
A173-P130-R9-B6-L4-T14-C0.3;5877;11;11
A173-P130-R9-B6-L4-T14-C0.3;2829;11;16
A173-P130-R9-B6-L4-T14-C0.3;2339;11;16
A173-P130-R9-B6-L4-T14-C0.3;9845;11;11
A173-P130-R9-B6-L4-T14-C0.3;233;10;12
A173-P130-R9-B6-L4-T14-C0.3;4263;10;12
A173-P130-R9-B6-L4-T14-C0.3;2618;11;12
A173-P130-R9-B6-L4-T14-C0.3;9965;11;14
A173-P130-R9-B6-L4-T14-C0.3;1624;11;16
A173-P130-R9-B6-L4-T14-C0.3;5707;11;11
A173-P130-R9-B6-L4-T14-C0.3;2842;4011;14
A173-P130-R9-B6-L4-T14-C0.3;130;10;14
A173-P130-R9-B6-L4-T14-C0.3;252;10;12
A173-P130-R9-B6-L4-T14-C0.3;9914;11;12
A173-P130-R9-B6-L4-T14-C0.3;8323;12;11
A173-P130-R9-B6-L4-T14-C0.3;9375;11;12
A173-P130-R9-B6-L4-T14-C0.3;4363;4011;11
A173-P130-R9-B6-L4-T14-C0.3;2499;11;13
A173-P130-R9-B6-L4-T14-C0.3;2877;4010;14
A173-P130-R9-B6-L4-T14-C0.3;5989;10;12
A173-P130-R9-B6-L4-T14-C0.3;1850;11;11
A173-P130-R9-B6-L4-T14-C0.3;5917;11;12
A173-P130-R9-B6-L4-T14-C0.3;7847;4011;12
A173-P150-R5-B8-L5-T14-C0.1;8355;17;5
A173-P150-R5-B8-L5-T14-C0.1;3717;17;4
A173-P150-R5-B8-L5-T14-C0.1;5877;17;5
A173-P150-R5-B8-L5-T14-C0.1;2829;17;4
A173-P150-R5-B8-L5-T14-C0.1;2339;17;5
A173-P150-R5-B8-L5-T14-C0.1;9845;17;4
A173-P150-R5-B8-L5-T14-C0.1;233;17;4
A173-P150-R5-B8-L5-T14-C0.1;4263;17;4
A173-P150-R5-B8-L5-T14-C0.1;2618;17;4
A173-P150-R5-B8-L5-T14-C0.1;9965;17;6
A173-P150-R5-B8-L5-T14-C0.1;1624;17;5
A173-P150-R5-B8-L5-T14-C0.1;5707;17;6
A173-P150-R5-B8-L5-T14-C0.1;2842;17;5
A173-P150-R5-B8-L5-T14-C0.1;130;17;4
A173-P150-R5-B8-L5-T14-C0.1;252;17;5
A173-P150-R5-B8-L5-T14-C0.1;9914;17;5
A173-P150-R5-B8-L5-T14-C0.1;8323;17;6
A173-P150-R5-B8-L5-T14-C0.1;9375;17;4
A173-P150-R5-B8-L5-T14-C0.1;4363;17;5
A173-P150-R5-B8-L5-T14-C0.1;2499;17;4
A173-P150-R5-B8-L5-T14-C0.1;2877;17;5
A173-P150-R5-B8-L5-T14-C0.1;5989;17;4
A173-P150-R5-B8-L5-T14-C0.1;1850;17;4
A173-P150-R5-B8-L5-T14-C0.1;5917;17;4
A173-P150-R5-B8-L5-T14-C0.1;7847;17;4
A173-P150-R5-B8-L5-T14-C0.2;8355;52;6
A173-P150-R5-B8-L5-T14-C0.2;3717;52;5
A173-P150-R5-B8-L5-T14-C0.2;5877;52;4
A173-P150-R5-B8-L5-T14-C0.2;2829;52;4
A173-P150-R5-B8-L5-T14-C0.2;2339;52;5
A173-P150-R5-B8-L5-T14-C0.2;9845;52;4
A173-P150-R5-B8-L5-T14-C0.2;233;52;5
A173-P150-R5-B8-L5-T14-C0.2;4263;52;5
A173-P150-R5-B8-L5-T14-C0.2;2618;52;4
A173-P150-R5-B8-L5-T14-C0.2;9965;52;5
A173-P150-R5-B8-L5-T14-C0.2;1624;52;5
A173-P150-R5-B8-L5-T14-C0.2;5707;52;4
A173-P150-R5-B8-L5-T14-C0.2;2842;52;4
A173-P150-R5-B8-L5-T14-C0.2;130;52;4
A173-P150-R5-B8-L5-T14-C0.2;252;52;4
A173-P150-R5-B8-L5-T14-C0.2;9914;52;4
A173-P150-R5-B8-L5-T14-C0.2;8323;52;4
A173-P150-R5-B8-L5-T14-C0.2;9375;52;4
A173-P150-R5-B8-L5-T14-C0.2;4363;52;5
A173-P150-R5-B8-L5-T14-C0.2;2499;52;4
A173-P150-R5-B8-L5-T14-C0.2;2877;52;5
A173-P150-R5-B8-L5-T14-C0.2;5989;52;4
A173-P150-R5-B8-L5-T14-C0.2;1850;52;4
A173-P150-R5-B8-L5-T14-C0.2;5917;52;4
A173-P150-R5-B8-L5-T14-C0.2;7847;52;4
A173-P150-R5-B8-L5-T14-C0.3;8355;15064;4
A173-P150-R5-B8-L5-T14-C0.3;3717;15064;5
A173-P150-R5-B8-L5-T14-C0.3;5877;10064;6
A173-P150-R5-B8-L5-T14-C0.3;2829;10064;6
A173-P150-R5-B8-L5-T14-C0.3;2339;15064;4
A173-P150-R5-B8-L5-T14-C0.3;9845;15064;6
A173-P150-R5-B8-L5-T14-C0.3;233;10066;8
A173-P150-R5-B8-L5-T14-C0.3;4263;10064;5
A173-P150-R5-B8-L5-T14-C0.3;2618;10065;4
A173-P150-R5-B8-L5-T14-C0.3;9965;15064;4
A173-P150-R5-B8-L5-T14-C0.3;1624;10064;5
A173-P150-R5-B8-L5-T14-C0.3;5707;10064;6
A173-P150-R5-B8-L5-T14-C0.3;2842;10065;4
A173-P150-R5-B8-L5-T14-C0.3;130;15068;4
A173-P150-R5-B8-L5-T14-C0.3;252;15064;4
A173-P150-R5-B8-L5-T14-C0.3;9914;10067;4
A173-P150-R5-B8-L5-T14-C0.3;8323;15064;4
A173-P150-R5-B8-L5-T14-C0.3;9375;10064;4
A173-P150-R5-B8-L5-T14-C0.3;4363;10064;4
A173-P150-R5-B8-L5-T14-C0.3;2499;15064;6
A173-P150-R5-B8-L5-T14-C0.3;2877;15066;4
A173-P150-R5-B8-L5-T14-C0.3;5989;10065;4
A173-P150-R5-B8-L5-T14-C0.3;1850;15065;4
A173-P150-R5-B8-L5-T14-C0.3;5917;10064;4
A173-P150-R5-B8-L5-T14-C0.3;7847;10065;4
A173-P150-R6-B7-L5-T14-C0.1;8355;37;8
A173-P150-R6-B7-L5-T14-C0.1;3717;37;6
A173-P150-R6-B7-L5-T14-C0.1;5877;37;7
A173-P150-R6-B7-L5-T14-C0.1;2829;37;6
A173-P150-R6-B7-L5-T14-C0.1;2339;37;7
A173-P150-R6-B7-L5-T14-C0.1;9845;37;7
A173-P150-R6-B7-L5-T14-C0.1;233;37;7
A173-P150-R6-B7-L5-T14-C0.1;4263;37;6
A173-P150-R6-B7-L5-T14-C0.1;2618;37;7
A173-P150-R6-B7-L5-T14-C0.1;9965;37;6
A173-P150-R6-B7-L5-T14-C0.1;1624;37;8
A173-P150-R6-B7-L5-T14-C0.1;5707;37;8
A173-P150-R6-B7-L5-T14-C0.1;2842;37;6
A173-P150-R6-B7-L5-T14-C0.1;130;37;6
A173-P150-R6-B7-L5-T14-C0.1;252;37;6
A173-P150-R6-B7-L5-T14-C0.1;9914;37;6
A173-P150-R6-B7-L5-T14-C0.1;8323;37;6
A173-P150-R6-B7-L5-T14-C0.1;9375;37;9
A173-P150-R6-B7-L5-T14-C0.1;4363;37;6
A173-P150-R6-B7-L5-T14-C0.1;2499;37;6
A173-P150-R6-B7-L5-T14-C0.1;2877;37;6
A173-P150-R6-B7-L5-T14-C0.1;5989;37;6
A173-P150-R6-B7-L5-T14-C0.1;1850;37;6
A173-P150-R6-B7-L5-T14-C0.1;5917;37;6
A173-P150-R6-B7-L5-T14-C0.1;7847;37;7
A173-P150-R6-B7-L5-T14-C0.2;8355;166;7
A173-P150-R6-B7-L5-T14-C0.2;3717;166;8
A173-P150-R6-B7-L5-T14-C0.2;5877;166;6
A173-P150-R6-B7-L5-T14-C0.2;2829;166;6
A173-P150-R6-B7-L5-T14-C0.2;2339;166;6
A173-P150-R6-B7-L5-T14-C0.2;9845;166;8
A173-P150-R6-B7-L5-T14-C0.2;233;166;6
A173-P150-R6-B7-L5-T14-C0.2;4263;166;7
A173-P150-R6-B7-L5-T14-C0.2;2618;166;5
A173-P150-R6-B7-L5-T14-C0.2;9965;166;6
A173-P150-R6-B7-L5-T14-C0.2;1624;166;6
A173-P150-R6-B7-L5-T14-C0.2;5707;166;6
A173-P150-R6-B7-L5-T14-C0.2;2842;166;5
A173-P150-R6-B7-L5-T14-C0.2;130;166;6
A173-P150-R6-B7-L5-T14-C0.2;252;166;8
A173-P150-R6-B7-L5-T14-C0.2;9914;166;7
A173-P150-R6-B7-L5-T14-C0.2;8323;166;6
A173-P150-R6-B7-L5-T14-C0.2;9375;166;6
A173-P150-R6-B7-L5-T14-C0.2;4363;166;7
A173-P150-R6-B7-L5-T14-C0.2;2499;166;6
A173-P150-R6-B7-L5-T14-C0.2;2877;166;6
A173-P150-R6-B7-L5-T14-C0.2;5989;166;6
A173-P150-R6-B7-L5-T14-C0.2;1850;166;6
A173-P150-R6-B7-L5-T14-C0.2;5917;166;6
A173-P150-R6-B7-L5-T14-C0.2;7847;166;6
A173-P150-R6-B7-L5-T14-C0.3;8355;10102;6
A173-P150-R6-B7-L5-T14-C0.3;3717;10102;6
A173-P150-R6-B7-L5-T14-C0.3;5877;10103;6
A173-P150-R6-B7-L5-T14-C0.3;2829;10102;6
A173-P150-R6-B7-L5-T14-C0.3;2339;10102;7
A173-P150-R6-B7-L5-T14-C0.3;9845;10102;7
A173-P150-R6-B7-L5-T14-C0.3;233;10102;6
A173-P150-R6-B7-L5-T14-C0.3;4263;10102;6
A173-P150-R6-B7-L5-T14-C0.3;2618;10103;6
A173-P150-R6-B7-L5-T14-C0.3;9965;10102;6
A173-P150-R6-B7-L5-T14-C0.3;1624;10102;6
A173-P150-R6-B7-L5-T14-C0.3;5707;10102;5
A173-P150-R6-B7-L5-T14-C0.3;2842;10102;6
A173-P150-R6-B7-L5-T14-C0.3;130;10103;6
A173-P150-R6-B7-L5-T14-C0.3;252;10102;6
A173-P150-R6-B7-L5-T14-C0.3;9914;10102;5
A173-P150-R6-B7-L5-T14-C0.3;8323;10102;6
A173-P150-R6-B7-L5-T14-C0.3;9375;10102;6
A173-P150-R6-B7-L5-T14-C0.3;4363;10103;6
A173-P150-R6-B7-L5-T14-C0.3;2499;10102;6
A173-P150-R6-B7-L5-T14-C0.3;2877;10102;6
A173-P150-R6-B7-L5-T14-C0.3;5989;10102;6
A173-P150-R6-B7-L5-T14-C0.3;1850;10102;6
A173-P150-R6-B7-L5-T14-C0.3;5917;10102;6
A173-P150-R6-B7-L5-T14-C0.3;7847;10103;5
A173-P150-R6-B9-L4-T14-C0.1;8355;32;5
A173-P150-R6-B9-L4-T14-C0.1;3717;32;7
A173-P150-R6-B9-L4-T14-C0.1;5877;32;7
A173-P150-R6-B9-L4-T14-C0.1;2829;32;5
A173-P150-R6-B9-L4-T14-C0.1;2339;32;5
A173-P150-R6-B9-L4-T14-C0.1;9845;32;5
A173-P150-R6-B9-L4-T14-C0.1;233;32;5
A173-P150-R6-B9-L4-T14-C0.1;4263;32;5
A173-P150-R6-B9-L4-T14-C0.1;2618;32;5
A173-P150-R6-B9-L4-T14-C0.1;9965;32;8
A173-P150-R6-B9-L4-T14-C0.1;1624;32;19
A173-P150-R6-B9-L4-T14-C0.1;5707;32;13
A173-P150-R6-B9-L4-T14-C0.1;2842;32;13
A173-P150-R6-B9-L4-T14-C0.1;130;32;9
A173-P150-R6-B9-L4-T14-C0.1;252;32;11
A173-P150-R6-B9-L4-T14-C0.1;9914;32;9
A173-P150-R6-B9-L4-T14-C0.1;8323;32;11
A173-P150-R6-B9-L4-T14-C0.1;9375;32;11
A173-P150-R6-B9-L4-T14-C0.1;4363;32;9
A173-P150-R6-B9-L4-T14-C0.1;2499;32;11
A173-P150-R6-B9-L4-T14-C0.1;2877;32;7
A173-P150-R6-B9-L4-T14-C0.1;5989;32;8
A173-P150-R6-B9-L4-T14-C0.1;1850;32;7
A173-P150-R6-B9-L4-T14-C0.1;5917;32;5
A173-P150-R6-B9-L4-T14-C0.1;7847;32;5
A173-P150-R6-B9-L4-T14-C0.2;8355;261;7
A173-P150-R6-B9-L4-T14-C0.2;3717;261;5
A173-P150-R6-B9-L4-T14-C0.2;5877;261;5
A173-P150-R6-B9-L4-T14-C0.2;2829;261;5
A173-P150-R6-B9-L4-T14-C0.2;2339;261;5
A173-P150-R6-B9-L4-T14-C0.2;9845;261;7
A173-P150-R6-B9-L4-T14-C0.2;233;261;5
A173-P150-R6-B9-L4-T14-C0.2;4263;261;5
A173-P150-R6-B9-L4-T14-C0.2;2618;261;7
A173-P150-R6-B9-L4-T14-C0.2;9965;261;5
A173-P150-R6-B9-L4-T14-C0.2;1624;261;5
A173-P150-R6-B9-L4-T14-C0.2;5707;261;6
A173-P150-R6-B9-L4-T14-C0.2;2842;261;5
A173-P150-R6-B9-L4-T14-C0.2;130;261;5
A173-P150-R6-B9-L4-T14-C0.2;252;261;5
A173-P150-R6-B9-L4-T14-C0.2;9914;261;5
A173-P150-R6-B9-L4-T14-C0.2;8323;261;5
A173-P150-R6-B9-L4-T14-C0.2;9375;261;6
A173-P150-R6-B9-L4-T14-C0.2;4363;261;6
A173-P150-R6-B9-L4-T14-C0.2;2499;261;5
A173-P150-R6-B9-L4-T14-C0.2;2877;261;5
A173-P150-R6-B9-L4-T14-C0.2;5989;261;5
A173-P150-R6-B9-L4-T14-C0.2;1850;261;5
A173-P150-R6-B9-L4-T14-C0.2;5917;261;5
A173-P150-R6-B9-L4-T14-C0.2;7847;261;5
A173-P150-R6-B9-L4-T14-C0.3;8355;8153;5
A173-P150-R6-B9-L4-T14-C0.3;3717;8153;5
A173-P150-R6-B9-L4-T14-C0.3;5877;8152;5
A173-P150-R6-B9-L4-T14-C0.3;2829;8152;6
A173-P150-R6-B9-L4-T14-C0.3;2339;8152;5
A173-P150-R6-B9-L4-T14-C0.3;9845;8152;5
A173-P150-R6-B9-L4-T14-C0.3;233;8152;5
A173-P150-R6-B9-L4-T14-C0.3;4263;8152;5
A173-P150-R6-B9-L4-T14-C0.3;2618;8152;5
A173-P150-R6-B9-L4-T14-C0.3;9965;8152;6
A173-P150-R6-B9-L4-T14-C0.3;1624;8152;6
A173-P150-R6-B9-L4-T14-C0.3;5707;8152;5
A173-P150-R6-B9-L4-T14-C0.3;2842;8152;5
A173-P150-R6-B9-L4-T14-C0.3;130;8152;5
A173-P150-R6-B9-L4-T14-C0.3;252;8152;5
A173-P150-R6-B9-L4-T14-C0.3;9914;8152;5
A173-P150-R6-B9-L4-T14-C0.3;8323;8152;5
A173-P150-R6-B9-L4-T14-C0.3;9375;8152;5
A173-P150-R6-B9-L4-T14-C0.3;4363;8152;5
A173-P150-R6-B9-L4-T14-C0.3;2499;8152;5
A173-P150-R6-B9-L4-T14-C0.3;2877;8153;5
A173-P150-R6-B9-L4-T14-C0.3;5989;8152;5
A173-P150-R6-B9-L4-T14-C0.3;1850;8152;5
A173-P150-R6-B9-L4-T14-C0.3;5917;8152;5
A173-P150-R6-B9-L4-T14-C0.3;7847;8152;7
A173-P150-R7-B6-L5-T14-C0.1;8355;15;9
A173-P150-R7-B6-L5-T14-C0.1;3717;15;8
A173-P150-R7-B6-L5-T14-C0.1;5877;15;9
A173-P150-R7-B6-L5-T14-C0.1;2829;15;7
A173-P150-R7-B6-L5-T14-C0.1;2339;15;8
A173-P150-R7-B6-L5-T14-C0.1;9845;15;7
A173-P150-R7-B6-L5-T14-C0.1;233;15;8
A173-P150-R7-B6-L5-T14-C0.1;4263;15;8
A173-P150-R7-B6-L5-T14-C0.1;2618;15;8
A173-P150-R7-B6-L5-T14-C0.1;9965;15;8
A173-P150-R7-B6-L5-T14-C0.1;1624;15;8
A173-P150-R7-B6-L5-T14-C0.1;5707;15;7
A173-P150-R7-B6-L5-T14-C0.1;2842;15;9
A173-P150-R7-B6-L5-T14-C0.1;130;15;8
A173-P150-R7-B6-L5-T14-C0.1;252;15;9
A173-P150-R7-B6-L5-T14-C0.1;9914;15;7
A173-P150-R7-B6-L5-T14-C0.1;8323;15;8
A173-P150-R7-B6-L5-T14-C0.1;9375;15;8
A173-P150-R7-B6-L5-T14-C0.1;4363;15;9
A173-P150-R7-B6-L5-T14-C0.1;2499;15;8
A173-P150-R7-B6-L5-T14-C0.1;2877;15;9
A173-P150-R7-B6-L5-T14-C0.1;5989;15;8
A173-P150-R7-B6-L5-T14-C0.1;1850;15;8
A173-P150-R7-B6-L5-T14-C0.1;5917;15;7
A173-P150-R7-B6-L5-T14-C0.1;7847;15;7
A173-P150-R7-B6-L5-T14-C0.2;8355;42;9
A173-P150-R7-B6-L5-T14-C0.2;3717;42;8
A173-P150-R7-B6-L5-T14-C0.2;5877;42;8
A173-P150-R7-B6-L5-T14-C0.2;2829;42;7
A173-P150-R7-B6-L5-T14-C0.2;2339;42;8
A173-P150-R7-B6-L5-T14-C0.2;9845;42;8
A173-P150-R7-B6-L5-T14-C0.2;233;42;7
A173-P150-R7-B6-L5-T14-C0.2;4263;42;8
A173-P150-R7-B6-L5-T14-C0.2;2618;42;7
A173-P150-R7-B6-L5-T14-C0.2;9965;42;8
A173-P150-R7-B6-L5-T14-C0.2;1624;42;7
A173-P150-R7-B6-L5-T14-C0.2;5707;42;8
A173-P150-R7-B6-L5-T14-C0.2;2842;42;9
A173-P150-R7-B6-L5-T14-C0.2;130;42;8
A173-P150-R7-B6-L5-T14-C0.2;252;42;7
A173-P150-R7-B6-L5-T14-C0.2;9914;42;8
A173-P150-R7-B6-L5-T14-C0.2;8323;42;7
A173-P150-R7-B6-L5-T14-C0.2;9375;42;8
A173-P150-R7-B6-L5-T14-C0.2;4363;42;7
A173-P150-R7-B6-L5-T14-C0.2;2499;42;8
A173-P150-R7-B6-L5-T14-C0.2;2877;42;7
A173-P150-R7-B6-L5-T14-C0.2;5989;42;8
A173-P150-R7-B6-L5-T14-C0.2;1850;42;7
A173-P150-R7-B6-L5-T14-C0.2;5917;42;8
A173-P150-R7-B6-L5-T14-C0.2;7847;42;8
A173-P150-R7-B6-L5-T14-C0.3;8355;10121;7
A173-P150-R7-B6-L5-T14-C0.3;3717;10121;7
A173-P150-R7-B6-L5-T14-C0.3;5877;10121;7
A173-P150-R7-B6-L5-T14-C0.3;2829;10121;8
A173-P150-R7-B6-L5-T14-C0.3;2339;10121;8
A173-P150-R7-B6-L5-T14-C0.3;9845;10121;10
A173-P150-R7-B6-L5-T14-C0.3;233;10121;9
A173-P150-R7-B6-L5-T14-C0.3;4263;10121;7
A173-P150-R7-B6-L5-T14-C0.3;2618;10121;8
A173-P150-R7-B6-L5-T14-C0.3;9965;10121;7
A173-P150-R7-B6-L5-T14-C0.3;1624;10121;9
A173-P150-R7-B6-L5-T14-C0.3;5707;10121;8
A173-P150-R7-B6-L5-T14-C0.3;2842;10121;8
A173-P150-R7-B6-L5-T14-C0.3;130;10121;7
A173-P150-R7-B6-L5-T14-C0.3;252;10121;9
A173-P150-R7-B6-L5-T14-C0.3;9914;10121;7
A173-P150-R7-B6-L5-T14-C0.3;8323;10121;7
A173-P150-R7-B6-L5-T14-C0.3;9375;10122;7
A173-P150-R7-B6-L5-T14-C0.3;4363;10121;8
A173-P150-R7-B6-L5-T14-C0.3;2499;10121;7
A173-P150-R7-B6-L5-T14-C0.3;2877;10121;8
A173-P150-R7-B6-L5-T14-C0.3;5989;10121;8
A173-P150-R7-B6-L5-T14-C0.3;1850;10121;9
A173-P150-R7-B6-L5-T14-C0.3;5917;10121;10
A173-P150-R7-B6-L5-T14-C0.3;7847;10121;8
A173-P150-R9-B6-L4-T14-C0.1;8355;22;11
A173-P150-R9-B6-L4-T14-C0.1;3717;22;12
A173-P150-R9-B6-L4-T14-C0.1;5877;22;12
A173-P150-R9-B6-L4-T14-C0.1;2829;22;11
A173-P150-R9-B6-L4-T14-C0.1;2339;22;12
A173-P150-R9-B6-L4-T14-C0.1;9845;22;12
A173-P150-R9-B6-L4-T14-C0.1;233;22;11
A173-P150-R9-B6-L4-T14-C0.1;4263;22;11
A173-P150-R9-B6-L4-T14-C0.1;2618;22;12
A173-P150-R9-B6-L4-T14-C0.1;9965;22;11
A173-P150-R9-B6-L4-T14-C0.1;1624;22;11
A173-P150-R9-B6-L4-T14-C0.1;5707;22;10
A173-P150-R9-B6-L4-T14-C0.1;2842;22;11
A173-P150-R9-B6-L4-T14-C0.1;130;22;11
A173-P150-R9-B6-L4-T14-C0.1;252;22;11
A173-P150-R9-B6-L4-T14-C0.1;9914;22;10
A173-P150-R9-B6-L4-T14-C0.1;8323;22;11
A173-P150-R9-B6-L4-T14-C0.1;9375;22;11
A173-P150-R9-B6-L4-T14-C0.1;4363;22;11
A173-P150-R9-B6-L4-T14-C0.1;2499;22;10
A173-P150-R9-B6-L4-T14-C0.1;2877;22;11
A173-P150-R9-B6-L4-T14-C0.1;5989;22;12
A173-P150-R9-B6-L4-T14-C0.1;1850;22;11
A173-P150-R9-B6-L4-T14-C0.1;5917;22;11
A173-P150-R9-B6-L4-T14-C0.1;7847;22;11
A173-P150-R9-B6-L4-T14-C0.2;8355;21;11
A173-P150-R9-B6-L4-T14-C0.2;3717;21;11
A173-P150-R9-B6-L4-T14-C0.2;5877;21;10
A173-P150-R9-B6-L4-T14-C0.2;2829;21;11
A173-P150-R9-B6-L4-T14-C0.2;2339;21;10
A173-P150-R9-B6-L4-T14-C0.2;9845;21;11
A173-P150-R9-B6-L4-T14-C0.2;233;21;10
A173-P150-R9-B6-L4-T14-C0.2;4263;21;12
A173-P150-R9-B6-L4-T14-C0.2;2618;21;11
A173-P150-R9-B6-L4-T14-C0.2;9965;22;11
A173-P150-R9-B6-L4-T14-C0.2;1624;21;12
A173-P150-R9-B6-L4-T14-C0.2;5707;21;11
A173-P150-R9-B6-L4-T14-C0.2;2842;21;12
A173-P150-R9-B6-L4-T14-C0.2;130;21;10
A173-P150-R9-B6-L4-T14-C0.2;252;21;12
A173-P150-R9-B6-L4-T14-C0.2;9914;21;11
A173-P150-R9-B6-L4-T14-C0.2;8323;21;10
A173-P150-R9-B6-L4-T14-C0.2;9375;21;11
A173-P150-R9-B6-L4-T14-C0.2;4363;21;10
A173-P150-R9-B6-L4-T14-C0.2;2499;21;11
A173-P150-R9-B6-L4-T14-C0.2;2877;21;12
A173-P150-R9-B6-L4-T14-C0.2;5989;21;11
A173-P150-R9-B6-L4-T14-C0.2;1850;21;11
A173-P150-R9-B6-L4-T14-C0.2;5917;21;11
A173-P150-R9-B6-L4-T14-C0.2;7847;21;11
A173-P150-R9-B6-L4-T14-C0.3;8355;4176;13
A173-P150-R9-B6-L4-T14-C0.3;3717;8175;13
A173-P150-R9-B6-L4-T14-C0.3;5877;4175;11
A173-P150-R9-B6-L4-T14-C0.3;2829;4176;11
A173-P150-R9-B6-L4-T14-C0.3;2339;4176;11
A173-P150-R9-B6-L4-T14-C0.3;9845;8175;12
A173-P150-R9-B6-L4-T14-C0.3;233;4175;13
A173-P150-R9-B6-L4-T14-C0.3;4263;4176;13
A173-P150-R9-B6-L4-T14-C0.3;2618;4175;12
A173-P150-R9-B6-L4-T14-C0.3;9965;4175;11
A173-P150-R9-B6-L4-T14-C0.3;1624;4175;11
A173-P150-R9-B6-L4-T14-C0.3;5707;8176;14
A173-P150-R9-B6-L4-T14-C0.3;2842;4176;13
A173-P150-R9-B6-L4-T14-C0.3;130;8175;12
A173-P150-R9-B6-L4-T14-C0.3;252;4176;12
A173-P150-R9-B6-L4-T14-C0.3;9914;4176;11
A173-P150-R9-B6-L4-T14-C0.3;8323;4176;11
A173-P150-R9-B6-L4-T14-C0.3;9375;4176;13
A173-P150-R9-B6-L4-T14-C0.3;4363;4176;11
A173-P150-R9-B6-L4-T14-C0.3;2499;4175;14
A173-P150-R9-B6-L4-T14-C0.3;2877;4175;11
A173-P150-R9-B6-L4-T14-C0.3;5989;8175;11
A173-P150-R9-B6-L4-T14-C0.3;1850;4175;12
A173-P150-R9-B6-L4-T14-C0.3;5917;4175;13
A173-P150-R9-B6-L4-T14-C0.3;7847;4175;11
A173-P170-R5-B8-L5-T14-C0.1;8355;40;6
A173-P170-R5-B8-L5-T14-C0.1;3717;40;5
A173-P170-R5-B8-L5-T14-C0.1;5877;40;6
A173-P170-R5-B8-L5-T14-C0.1;2829;40;5
A173-P170-R5-B8-L5-T14-C0.1;2339;40;4
A173-P170-R5-B8-L5-T14-C0.1;9845;40;5
A173-P170-R5-B8-L5-T14-C0.1;233;40;4
A173-P170-R5-B8-L5-T14-C0.1;4263;40;5
A173-P170-R5-B8-L5-T14-C0.1;2618;40;6
A173-P170-R5-B8-L5-T14-C0.1;9965;40;5
A173-P170-R5-B8-L5-T14-C0.1;1624;40;5
A173-P170-R5-B8-L5-T14-C0.1;5707;40;4
A173-P170-R5-B8-L5-T14-C0.1;2842;40;5
A173-P170-R5-B8-L5-T14-C0.1;130;40;5
A173-P170-R5-B8-L5-T14-C0.1;252;40;5
A173-P170-R5-B8-L5-T14-C0.1;9914;40;4
A173-P170-R5-B8-L5-T14-C0.1;8323;40;5
A173-P170-R5-B8-L5-T14-C0.1;9375;40;5
A173-P170-R5-B8-L5-T14-C0.1;4363;40;5
A173-P170-R5-B8-L5-T14-C0.1;2499;40;5
A173-P170-R5-B8-L5-T14-C0.1;2877;40;5
A173-P170-R5-B8-L5-T14-C0.1;5989;40;5
A173-P170-R5-B8-L5-T14-C0.1;1850;40;5
A173-P170-R5-B8-L5-T14-C0.1;5917;40;5
A173-P170-R5-B8-L5-T14-C0.1;7847;40;8
A173-P170-R5-B8-L5-T14-C0.2;8355;41;5
A173-P170-R5-B8-L5-T14-C0.2;3717;41;5
A173-P170-R5-B8-L5-T14-C0.2;5877;41;6
A173-P170-R5-B8-L5-T14-C0.2;2829;41;7
A173-P170-R5-B8-L5-T14-C0.2;2339;41;7
A173-P170-R5-B8-L5-T14-C0.2;9845;41;6
A173-P170-R5-B8-L5-T14-C0.2;233;41;5
A173-P170-R5-B8-L5-T14-C0.2;4263;41;6
A173-P170-R5-B8-L5-T14-C0.2;2618;41;5
A173-P170-R5-B8-L5-T14-C0.2;9965;41;5
A173-P170-R5-B8-L5-T14-C0.2;1624;41;6
A173-P170-R5-B8-L5-T14-C0.2;5707;41;5
A173-P170-R5-B8-L5-T14-C0.2;2842;41;6
A173-P170-R5-B8-L5-T14-C0.2;130;41;6
A173-P170-R5-B8-L5-T14-C0.2;252;41;5
A173-P170-R5-B8-L5-T14-C0.2;9914;41;5
A173-P170-R5-B8-L5-T14-C0.2;8323;41;5
A173-P170-R5-B8-L5-T14-C0.2;9375;41;6
A173-P170-R5-B8-L5-T14-C0.2;4363;41;5
A173-P170-R5-B8-L5-T14-C0.2;2499;41;5
A173-P170-R5-B8-L5-T14-C0.2;2877;41;5
A173-P170-R5-B8-L5-T14-C0.2;5989;41;5
A173-P170-R5-B8-L5-T14-C0.2;1850;41;5
A173-P170-R5-B8-L5-T14-C0.2;5917;41;6
A173-P170-R5-B8-L5-T14-C0.2;7847;41;5
A173-P170-R5-B8-L5-T14-C0.3;8355;10063;5
A173-P170-R5-B8-L5-T14-C0.3;3717;10063;7
A173-P170-R5-B8-L5-T14-C0.3;5877;10065;5
A173-P170-R5-B8-L5-T14-C0.3;2829;10063;5
A173-P170-R5-B8-L5-T14-C0.3;2339;10064;5
A173-P170-R5-B8-L5-T14-C0.3;9845;10064;5
A173-P170-R5-B8-L5-T14-C0.3;233;10064;5
A173-P170-R5-B8-L5-T14-C0.3;4263;10064;6
A173-P170-R5-B8-L5-T14-C0.3;2618;10064;5
A173-P170-R5-B8-L5-T14-C0.3;9965;10064;5
A173-P170-R5-B8-L5-T14-C0.3;1624;10064;5
A173-P170-R5-B8-L5-T14-C0.3;5707;10064;4
A173-P170-R5-B8-L5-T14-C0.3;2842;10064;5
A173-P170-R5-B8-L5-T14-C0.3;130;10064;6
A173-P170-R5-B8-L5-T14-C0.3;252;10064;6
A173-P170-R5-B8-L5-T14-C0.3;9914;10063;5
A173-P170-R5-B8-L5-T14-C0.3;8323;10065;5
A173-P170-R5-B8-L5-T14-C0.3;9375;10064;6
A173-P170-R5-B8-L5-T14-C0.3;4363;10063;5
A173-P170-R5-B8-L5-T14-C0.3;2499;10063;5
A173-P170-R5-B8-L5-T14-C0.3;2877;10064;4
A173-P170-R5-B8-L5-T14-C0.3;5989;10064;6
A173-P170-R5-B8-L5-T14-C0.3;1850;10064;5
A173-P170-R5-B8-L5-T14-C0.3;5917;10063;5
A173-P170-R5-B8-L5-T14-C0.3;7847;10065;5
A173-P170-R6-B7-L5-T14-C0.1;8355;21;6
A173-P170-R6-B7-L5-T14-C0.1;3717;21;8
A173-P170-R6-B7-L5-T14-C0.1;5877;21;8
A173-P170-R6-B7-L5-T14-C0.1;2829;21;6
A173-P170-R6-B7-L5-T14-C0.1;2339;21;6
A173-P170-R6-B7-L5-T14-C0.1;9845;21;6
A173-P170-R6-B7-L5-T14-C0.1;233;21;7
A173-P170-R6-B7-L5-T14-C0.1;4263;21;6
A173-P170-R6-B7-L5-T14-C0.1;2618;21;6
A173-P170-R6-B7-L5-T14-C0.1;9965;21;7
A173-P170-R6-B7-L5-T14-C0.1;1624;21;6
A173-P170-R6-B7-L5-T14-C0.1;5707;21;7
A173-P170-R6-B7-L5-T14-C0.1;2842;21;6
A173-P170-R6-B7-L5-T14-C0.1;130;21;6
A173-P170-R6-B7-L5-T14-C0.1;252;21;7
A173-P170-R6-B7-L5-T14-C0.1;9914;21;6
A173-P170-R6-B7-L5-T14-C0.1;8323;21;7
A173-P170-R6-B7-L5-T14-C0.1;9375;21;6
A173-P170-R6-B7-L5-T14-C0.1;4363;21;7
A173-P170-R6-B7-L5-T14-C0.1;2499;21;6
A173-P170-R6-B7-L5-T14-C0.1;2877;21;6
A173-P170-R6-B7-L5-T14-C0.1;5989;21;8
A173-P170-R6-B7-L5-T14-C0.1;1850;21;6
A173-P170-R6-B7-L5-T14-C0.1;5917;21;8
A173-P170-R6-B7-L5-T14-C0.1;7847;21;7
A173-P170-R6-B7-L5-T14-C0.2;8355;52;6
A173-P170-R6-B7-L5-T14-C0.2;3717;52;6
A173-P170-R6-B7-L5-T14-C0.2;5877;52;6
A173-P170-R6-B7-L5-T14-C0.2;2829;52;7
A173-P170-R6-B7-L5-T14-C0.2;2339;52;7
A173-P170-R6-B7-L5-T14-C0.2;9845;52;8
A173-P170-R6-B7-L5-T14-C0.2;233;52;6
A173-P170-R6-B7-L5-T14-C0.2;4263;52;6
A173-P170-R6-B7-L5-T14-C0.2;2618;52;6
A173-P170-R6-B7-L5-T14-C0.2;9965;52;6
A173-P170-R6-B7-L5-T14-C0.2;1624;52;6
A173-P170-R6-B7-L5-T14-C0.2;5707;52;7
A173-P170-R6-B7-L5-T14-C0.2;2842;52;6
A173-P170-R6-B7-L5-T14-C0.2;130;52;7
A173-P170-R6-B7-L5-T14-C0.2;252;52;9
A173-P170-R6-B7-L5-T14-C0.2;9914;52;6
A173-P170-R6-B7-L5-T14-C0.2;8323;52;6
A173-P170-R6-B7-L5-T14-C0.2;9375;52;6
A173-P170-R6-B7-L5-T14-C0.2;4363;52;7
A173-P170-R6-B7-L5-T14-C0.2;2499;52;6
A173-P170-R6-B7-L5-T14-C0.2;2877;52;6
A173-P170-R6-B7-L5-T14-C0.2;5989;52;7
A173-P170-R6-B7-L5-T14-C0.2;1850;52;6
A173-P170-R6-B7-L5-T14-C0.2;5917;52;6
A173-P170-R6-B7-L5-T14-C0.2;7847;52;6
A173-P170-R6-B7-L5-T14-C0.3;8355;10032;6
A173-P170-R6-B7-L5-T14-C0.3;3717;10032;6
A173-P170-R6-B7-L5-T14-C0.3;5877;10032;6
A173-P170-R6-B7-L5-T14-C0.3;2829;10032;6
A173-P170-R6-B7-L5-T14-C0.3;2339;10032;5
A173-P170-R6-B7-L5-T14-C0.3;9845;10032;7
A173-P170-R6-B7-L5-T14-C0.3;233;10032;6
A173-P170-R6-B7-L5-T14-C0.3;4263;10032;6
A173-P170-R6-B7-L5-T14-C0.3;2618;10032;6
A173-P170-R6-B7-L5-T14-C0.3;9965;10032;6
A173-P170-R6-B7-L5-T14-C0.3;1624;10032;6
A173-P170-R6-B7-L5-T14-C0.3;5707;10032;6
A173-P170-R6-B7-L5-T14-C0.3;2842;10032;6
A173-P170-R6-B7-L5-T14-C0.3;130;10032;6
A173-P170-R6-B7-L5-T14-C0.3;252;10032;6
A173-P170-R6-B7-L5-T14-C0.3;9914;10032;6
A173-P170-R6-B7-L5-T14-C0.3;8323;10032;6
A173-P170-R6-B7-L5-T14-C0.3;9375;10032;6
A173-P170-R6-B7-L5-T14-C0.3;4363;10032;6
A173-P170-R6-B7-L5-T14-C0.3;2499;10032;6
A173-P170-R6-B7-L5-T14-C0.3;2877;10032;6
A173-P170-R6-B7-L5-T14-C0.3;5989;10032;6
A173-P170-R6-B7-L5-T14-C0.3;1850;10032;6
A173-P170-R6-B7-L5-T14-C0.3;5917;10032;6
A173-P170-R6-B7-L5-T14-C0.3;7847;10032;6
A173-P170-R6-B9-L4-T14-C0.1;8355;76;5
A173-P170-R6-B9-L4-T14-C0.1;3717;76;5
A173-P170-R6-B9-L4-T14-C0.1;5877;76;7
A173-P170-R6-B9-L4-T14-C0.1;2829;76;6
A173-P170-R6-B9-L4-T14-C0.1;2339;76;5
A173-P170-R6-B9-L4-T14-C0.1;9845;76;5
A173-P170-R6-B9-L4-T14-C0.1;233;76;5
A173-P170-R6-B9-L4-T14-C0.1;4263;76;5
A173-P170-R6-B9-L4-T14-C0.1;2618;76;5
A173-P170-R6-B9-L4-T14-C0.1;9965;76;6
A173-P170-R6-B9-L4-T14-C0.1;1624;76;5
A173-P170-R6-B9-L4-T14-C0.1;5707;76;5
A173-P170-R6-B9-L4-T14-C0.1;2842;76;5
A173-P170-R6-B9-L4-T14-C0.1;130;76;5
A173-P170-R6-B9-L4-T14-C0.1;252;76;5
A173-P170-R6-B9-L4-T14-C0.1;9914;76;5
A173-P170-R6-B9-L4-T14-C0.1;8323;76;5
A173-P170-R6-B9-L4-T14-C0.1;9375;76;5
A173-P170-R6-B9-L4-T14-C0.1;4363;76;5
A173-P170-R6-B9-L4-T14-C0.1;2499;76;5
A173-P170-R6-B9-L4-T14-C0.1;2877;76;5
A173-P170-R6-B9-L4-T14-C0.1;5989;76;5
A173-P170-R6-B9-L4-T14-C0.1;1850;76;6
A173-P170-R6-B9-L4-T14-C0.1;5917;76;6
A173-P170-R6-B9-L4-T14-C0.1;7847;76;6
A173-P170-R6-B9-L4-T14-C0.2;8355;175;6
A173-P170-R6-B9-L4-T14-C0.2;3717;175;6
A173-P170-R6-B9-L4-T14-C0.2;5877;175;6
A173-P170-R6-B9-L4-T14-C0.2;2829;175;6
A173-P170-R6-B9-L4-T14-C0.2;2339;175;6
A173-P170-R6-B9-L4-T14-C0.2;9845;175;6
A173-P170-R6-B9-L4-T14-C0.2;233;175;6
A173-P170-R6-B9-L4-T14-C0.2;4263;175;6
A173-P170-R6-B9-L4-T14-C0.2;2618;175;6
A173-P170-R6-B9-L4-T14-C0.2;9965;175;6
A173-P170-R6-B9-L4-T14-C0.2;1624;175;6
A173-P170-R6-B9-L4-T14-C0.2;5707;175;6
A173-P170-R6-B9-L4-T14-C0.2;2842;175;6
A173-P170-R6-B9-L4-T14-C0.2;130;175;6
A173-P170-R6-B9-L4-T14-C0.2;252;175;6
A173-P170-R6-B9-L4-T14-C0.2;9914;175;6
A173-P170-R6-B9-L4-T14-C0.2;8323;175;6
A173-P170-R6-B9-L4-T14-C0.2;9375;175;6
A173-P170-R6-B9-L4-T14-C0.2;4363;175;6
A173-P170-R6-B9-L4-T14-C0.2;2499;175;6
A173-P170-R6-B9-L4-T14-C0.2;2877;175;6
A173-P170-R6-B9-L4-T14-C0.2;5989;175;6
A173-P170-R6-B9-L4-T14-C0.2;1850;175;6
A173-P170-R6-B9-L4-T14-C0.2;5917;175;6
A173-P170-R6-B9-L4-T14-C0.2;7847;175;6
A173-P170-R6-B9-L4-T14-C0.3;8355;139;6
A173-P170-R6-B9-L4-T14-C0.3;3717;139;6
A173-P170-R6-B9-L4-T14-C0.3;5877;139;6
A173-P170-R6-B9-L4-T14-C0.3;2829;139;6
A173-P170-R6-B9-L4-T14-C0.3;2339;139;6
A173-P170-R6-B9-L4-T14-C0.3;9845;139;6
A173-P170-R6-B9-L4-T14-C0.3;233;139;6
A173-P170-R6-B9-L4-T14-C0.3;4263;140;6
A173-P170-R6-B9-L4-T14-C0.3;2618;139;6
A173-P170-R6-B9-L4-T14-C0.3;9965;139;6
A173-P170-R6-B9-L4-T14-C0.3;1624;139;6
A173-P170-R6-B9-L4-T14-C0.3;5707;139;6
A173-P170-R6-B9-L4-T14-C0.3;2842;139;6
A173-P170-R6-B9-L4-T14-C0.3;130;139;6
A173-P170-R6-B9-L4-T14-C0.3;252;139;6
A173-P170-R6-B9-L4-T14-C0.3;9914;139;6
A173-P170-R6-B9-L4-T14-C0.3;8323;139;6
A173-P170-R6-B9-L4-T14-C0.3;9375;139;6
A173-P170-R6-B9-L4-T14-C0.3;4363;139;6
A173-P170-R6-B9-L4-T14-C0.3;2499;139;5
A173-P170-R6-B9-L4-T14-C0.3;2877;139;5
A173-P170-R6-B9-L4-T14-C0.3;5989;139;5
A173-P170-R6-B9-L4-T14-C0.3;1850;139;5
A173-P170-R6-B9-L4-T14-C0.3;5917;139;5
A173-P170-R6-B9-L4-T14-C0.3;7847;139;5
A173-P170-R7-B6-L5-T14-C0.1;8355;119;8
A173-P170-R7-B6-L5-T14-C0.1;3717;119;8
A173-P170-R7-B6-L5-T14-C0.1;5877;119;8
A173-P170-R7-B6-L5-T14-C0.1;2829;119;8
A173-P170-R7-B6-L5-T14-C0.1;2339;119;8
A173-P170-R7-B6-L5-T14-C0.1;9845;119;8
A173-P170-R7-B6-L5-T14-C0.1;233;119;8
A173-P170-R7-B6-L5-T14-C0.1;4263;119;8
A173-P170-R7-B6-L5-T14-C0.1;2618;119;8
A173-P170-R7-B6-L5-T14-C0.1;9965;119;8
A173-P170-R7-B6-L5-T14-C0.1;1624;119;8
A173-P170-R7-B6-L5-T14-C0.1;5707;119;8
A173-P170-R7-B6-L5-T14-C0.1;2842;119;8
A173-P170-R7-B6-L5-T14-C0.1;130;119;8
A173-P170-R7-B6-L5-T14-C0.1;252;119;8
A173-P170-R7-B6-L5-T14-C0.1;9914;119;8
A173-P170-R7-B6-L5-T14-C0.1;8323;119;8
A173-P170-R7-B6-L5-T14-C0.1;9375;119;8
A173-P170-R7-B6-L5-T14-C0.1;4363;119;8
A173-P170-R7-B6-L5-T14-C0.1;2499;119;8
A173-P170-R7-B6-L5-T14-C0.1;2877;119;8
A173-P170-R7-B6-L5-T14-C0.1;5989;119;8
A173-P170-R7-B6-L5-T14-C0.1;1850;119;8
A173-P170-R7-B6-L5-T14-C0.1;5917;119;8
A173-P170-R7-B6-L5-T14-C0.1;7847;119;8
A173-P170-R7-B6-L5-T14-C0.2;8355;30;8
A173-P170-R7-B6-L5-T14-C0.2;3717;30;8
A173-P170-R7-B6-L5-T14-C0.2;5877;30;8
A173-P170-R7-B6-L5-T14-C0.2;2829;30;8
A173-P170-R7-B6-L5-T14-C0.2;2339;30;9
A173-P170-R7-B6-L5-T14-C0.2;9845;30;8
A173-P170-R7-B6-L5-T14-C0.2;233;30;8
A173-P170-R7-B6-L5-T14-C0.2;4263;30;8
A173-P170-R7-B6-L5-T14-C0.2;2618;30;8
A173-P170-R7-B6-L5-T14-C0.2;9965;30;9
A173-P170-R7-B6-L5-T14-C0.2;1624;30;8
A173-P170-R7-B6-L5-T14-C0.2;5707;30;8
A173-P170-R7-B6-L5-T14-C0.2;2842;30;7
A173-P170-R7-B6-L5-T14-C0.2;130;30;8
A173-P170-R7-B6-L5-T14-C0.2;252;30;9
A173-P170-R7-B6-L5-T14-C0.2;9914;30;7
A173-P170-R7-B6-L5-T14-C0.2;8323;30;8
A173-P170-R7-B6-L5-T14-C0.2;9375;30;8
A173-P170-R7-B6-L5-T14-C0.2;4363;30;8
A173-P170-R7-B6-L5-T14-C0.2;2499;30;8
A173-P170-R7-B6-L5-T14-C0.2;2877;30;9
A173-P170-R7-B6-L5-T14-C0.2;5989;30;9
A173-P170-R7-B6-L5-T14-C0.2;1850;30;8
A173-P170-R7-B6-L5-T14-C0.2;5917;30;7
A173-P170-R7-B6-L5-T14-C0.2;7847;30;8
A173-P170-R7-B6-L5-T14-C0.3;8355;5046;8
A173-P170-R7-B6-L5-T14-C0.3;3717;5044;13
A173-P170-R7-B6-L5-T14-C0.3;5877;5045;12
A173-P170-R7-B6-L5-T14-C0.3;2829;5045;11
A173-P170-R7-B6-L5-T14-C0.3;2339;5043;13
A173-P170-R7-B6-L5-T14-C0.3;9845;5044;8
A173-P170-R7-B6-L5-T14-C0.3;233;5044;10
A173-P170-R7-B6-L5-T14-C0.3;4263;5044;8
A173-P170-R7-B6-L5-T14-C0.3;2618;5044;9
A173-P170-R7-B6-L5-T14-C0.3;9965;5049;9
A173-P170-R7-B6-L5-T14-C0.3;1624;5043;10
A173-P170-R7-B6-L5-T14-C0.3;5707;5043;9
A173-P170-R7-B6-L5-T14-C0.3;2842;5044;8
A173-P170-R7-B6-L5-T14-C0.3;130;5045;8
A173-P170-R7-B6-L5-T14-C0.3;252;5043;9
A173-P170-R7-B6-L5-T14-C0.3;9914;5044;7
A173-P170-R7-B6-L5-T14-C0.3;8323;5045;9
A173-P170-R7-B6-L5-T14-C0.3;9375;5043;8
A173-P170-R7-B6-L5-T14-C0.3;4363;5045;8
A173-P170-R7-B6-L5-T14-C0.3;2499;5044;9
A173-P170-R7-B6-L5-T14-C0.3;2877;5045;8
A173-P170-R7-B6-L5-T14-C0.3;5989;5045;7
A173-P170-R7-B6-L5-T14-C0.3;1850;5046;10
A173-P170-R7-B6-L5-T14-C0.3;5917;5043;8
A173-P170-R7-B6-L5-T14-C0.3;7847;5044;8
A173-P170-R9-B6-L4-T14-C0.1;8355;168;11
A173-P170-R9-B6-L4-T14-C0.1;3717;168;11
A173-P170-R9-B6-L4-T14-C0.1;5877;168;11
A173-P170-R9-B6-L4-T14-C0.1;2829;168;11
A173-P170-R9-B6-L4-T14-C0.1;2339;168;11
A173-P170-R9-B6-L4-T14-C0.1;9845;168;11
A173-P170-R9-B6-L4-T14-C0.1;233;168;11
A173-P170-R9-B6-L4-T14-C0.1;4263;168;11
A173-P170-R9-B6-L4-T14-C0.1;2618;168;15
A173-P170-R9-B6-L4-T14-C0.1;9965;168;11
A173-P170-R9-B6-L4-T14-C0.1;1624;168;12
A173-P170-R9-B6-L4-T14-C0.1;5707;168;12
A173-P170-R9-B6-L4-T14-C0.1;2842;168;12
A173-P170-R9-B6-L4-T14-C0.1;130;168;11
A173-P170-R9-B6-L4-T14-C0.1;252;168;13
A173-P170-R9-B6-L4-T14-C0.1;9914;168;11
A173-P170-R9-B6-L4-T14-C0.1;8323;168;12
A173-P170-R9-B6-L4-T14-C0.1;9375;168;11
A173-P170-R9-B6-L4-T14-C0.1;4363;168;12
A173-P170-R9-B6-L4-T14-C0.1;2499;168;13
A173-P170-R9-B6-L4-T14-C0.1;2877;168;12
A173-P170-R9-B6-L4-T14-C0.1;5989;168;12
A173-P170-R9-B6-L4-T14-C0.1;1850;168;14
A173-P170-R9-B6-L4-T14-C0.1;5917;168;11
A173-P170-R9-B6-L4-T14-C0.1;7847;168;11
A173-P170-R9-B6-L4-T14-C0.2;8355;44;14
A173-P170-R9-B6-L4-T14-C0.2;3717;44;11
A173-P170-R9-B6-L4-T14-C0.2;5877;44;13
A173-P170-R9-B6-L4-T14-C0.2;2829;44;11
A173-P170-R9-B6-L4-T14-C0.2;2339;44;12
A173-P170-R9-B6-L4-T14-C0.2;9845;44;12
A173-P170-R9-B6-L4-T14-C0.2;233;44;11
A173-P170-R9-B6-L4-T14-C0.2;4263;44;13
A173-P170-R9-B6-L4-T14-C0.2;2618;44;12
A173-P170-R9-B6-L4-T14-C0.2;9965;44;11
A173-P170-R9-B6-L4-T14-C0.2;1624;44;13
A173-P170-R9-B6-L4-T14-C0.2;5707;44;12
A173-P170-R9-B6-L4-T14-C0.2;2842;44;10
A173-P170-R9-B6-L4-T14-C0.2;130;44;11
A173-P170-R9-B6-L4-T14-C0.2;252;44;12
A173-P170-R9-B6-L4-T14-C0.2;9914;44;12
A173-P170-R9-B6-L4-T14-C0.2;8323;44;11
A173-P170-R9-B6-L4-T14-C0.2;9375;44;11
A173-P170-R9-B6-L4-T14-C0.2;4363;44;13
A173-P170-R9-B6-L4-T14-C0.2;2499;44;11
A173-P170-R9-B6-L4-T14-C0.2;2877;44;15
A173-P170-R9-B6-L4-T14-C0.2;5989;44;13
A173-P170-R9-B6-L4-T14-C0.2;1850;44;13
A173-P170-R9-B6-L4-T14-C0.2;5917;44;11
A173-P170-R9-B6-L4-T14-C0.2;7847;44;12
A173-P170-R9-B6-L4-T14-C0.3;8355;8072;13
A173-P170-R9-B6-L4-T14-C0.3;3717;12069;13
A173-P170-R9-B6-L4-T14-C0.3;5877;8070;13
A173-P170-R9-B6-L4-T14-C0.3;2829;8069;12
A173-P170-R9-B6-L4-T14-C0.3;2339;8072;12
A173-P170-R9-B6-L4-T14-C0.3;9845;8071;12
A173-P170-R9-B6-L4-T14-C0.3;233;8073;12
A173-P170-R9-B6-L4-T14-C0.3;4263;12070;11
A173-P170-R9-B6-L4-T14-C0.3;2618;8072;11
A173-P170-R9-B6-L4-T14-C0.3;9965;8069;11
A173-P170-R9-B6-L4-T14-C0.3;1624;8073;12
A173-P170-R9-B6-L4-T14-C0.3;5707;8069;12
A173-P170-R9-B6-L4-T14-C0.3;2842;8070;12
A173-P170-R9-B6-L4-T14-C0.3;130;12073;14
A173-P170-R9-B6-L4-T14-C0.3;252;8069;13
A173-P170-R9-B6-L4-T14-C0.3;9914;12069;11
A173-P170-R9-B6-L4-T14-C0.3;8323;8071;12
A173-P170-R9-B6-L4-T14-C0.3;9375;8072;12
A173-P170-R9-B6-L4-T14-C0.3;4363;8069;11
A173-P170-R9-B6-L4-T14-C0.3;2499;8073;12
A173-P170-R9-B6-L4-T14-C0.3;2877;8070;13
A173-P170-R9-B6-L4-T14-C0.3;5989;12072;15
A173-P170-R9-B6-L4-T14-C0.3;1850;8072;11
A173-P170-R9-B6-L4-T14-C0.3;5917;8073;11
A173-P170-R9-B6-L4-T14-C0.3;7847;8071;11
